item,v1,v2,v3,v4,v5,v6,v7,v8,v9
p01,-1,-1,2,3,-4,1,2,-2,3
p02,0,0,-2,1,-1,-3,0,2,1
p03,-2,-1,-2,-3,3,0,-2,0,0
p04,0,-3,4,-1,-1,3,1,-3,1
p05,-2,2,-1,-1,1,3,0,-4,-4
p06,1,3,0,3,1,4,1,4,-3
p07,0,1,-4,-3,4,-2,-1,0,2
p08,-1,1,-3,-2,2,0,-3,-1,2
p09,0,-4,1,0,-4,-2,0,-1,-2
p10,-1,0,-4,-4,4,-2,-1,-1,0
p11,1,2,-3,-1,2,1,1,1,0
p12,1,-1,3,0,0,-1,-1,-1,-2
p13,2,4,3,3,-1,1,1,1,1
p14,3,-1,2,-2,3,0,2,-1,4
p15,-1,1,0,-3,0,-4,-4,4,-1
p16,-4,-3,-3,-4,2,3,4,0,-2
p17,-3,0,2,-1,0,-1,3,0,2
p18,-3,-2,-1,2,-2,0,2,1,-1
p19,-1,-2,1,4,-2,1,0,-3,2
p20,-4,0,0,-2,0,-1,2,1,1
p21,3,3,1,4,-1,-2,-2,2,3
p22,2,-2,-2,1,2,-3,-1,2,-3
p23,3,1,0,1,1,-1,-3,3,-3
p24,1,0,2,-2,-3,-4,-4,3,-2
p25,1,2,-2,0,-3,2,3,-3,1
p26,0,1,3,1,-3,2,-2,1,0
p27,4,2,1,-1,3,0,0,-4,-1
p28,2,3,-1,2,0,4,4,3,-4
p29,2,-1,0,0,1,-1,-3,0,0
p30,-3,-4,-1,2,-2,2,1,-2,-1
p31,-2,-2,-1,1,1,1,-1,-2,3
p32,-2,-3,4,2,-2,2,3,-2,-1
p33,4,4,1,0,-1,-3,-2,2,4